index;spacing;probefreq;vmult;shots;sideband;size
0;2e-11;40960;0.000390625;3757;LowerSideband;750000
1;2e-11;40960;0.000390625;1197;LowerSideband;750000
2;2e-11;40960;0.000390625;2398;LowerSideband;750000
3;2e-11;40960;0.000390625;3598;LowerSideband;750000
