index;spacing;probefreq;vmult;shots;sideband;size
0;2e-11;40960;1.52587890625e-06;525660;1;750000
1;2e-11;40960;1.52587890625e-06;359890;1;750000
